{
  "IC": [
    0.375,
    0.27
  ],
  "psi_escape": 0.45,
  "resonances_psi": [
    0.25,
    0.3333333333333333,
    0.4,
    0.5,
    0.6,
    0.6666666666666666,
    0.75
  ],
  "amplitude_weights": [
    72.0,
    27.0,
    25.0,
    96.0,
    25.0,
    27.0,
    72.0
  ],
  "chirikov": {
    "note": "half-width = 2*sqrt(A_k) from pendulum reduction (H0''=1)",
    "S_at_eps1": [
      2.2341687834789594,
      2.0812808979394775,
      2.0137471507731055,
      2.0137471507731055,
      2.0812808979394792,
      2.234168783478958
    ],
    "S_max_at_eps1": 2.2341687834789594,
    "eps_for_S1_tightest": 0.20034017147788116
  },
  "eps_cr_literal": 0.42568359375,
  "escape_scan": {
    "eps": [
      0.3,
      0.32,
      0.34,
      0.36,
      0.38,
      0.4,
      0.42,
      0.44,
      0.46,
      0.48,
      0.5,
      0.52,
      0.54,
      0.56,
      0.58,
      0.6,
      0.62,
      0.64,
      0.66,
      0.68,
      0.7,
      0.72,
      0.74,
      0.76,
      0.78,
      0.8,
      0.82,
      0.84,
      0.86,
      0.88,
      0.9,
      0.92,
      0.94,
      0.96,
      0.98,
      1.0
    ],
    "maxpsi": [
      0.3039761960971339,
      0.30638733912610167,
      0.30612728108088183,
      0.3051045621688671,
      0.30331566160845214,
      0.3138032113842849,
      0.32022038726770874,
      0.8273789062825295,
      0.6678519567588029,
      0.6017425486415942,
      0.6831545339978182,
      0.6770670390770986,
      0.8341102177238617,
      0.8409946278685447,
      0.8504587803997732,
      0.8500102246486405,
      0.7234379010089973,
      0.8555284332043268,
      0.8513136290820766,
      0.8463950645166867,
      0.8611096179716458,
      0.8663325170639397,
      0.8594542593576835,
      0.8634499855314252,
      0.8673402338095145,
      0.8667732006232926,
      0.8742450906878205,
      0.8454656742312324,
      0.8763312212431441,
      0.8539181784629077,
      0.8743356923396565,
      0.8792810817507636,
      0.8791723947461781,
      0.8874988260270881,
      0.8780154364558942,
      0.882433278275657
    ],
    "dig": [
      8.114720735297265,
      7.439793993991629,
      8.394495066385888,
      8.015441056409438,
      11.536694783940716,
      9.109151655674756,
      9.19824833676665,
      0.425491656333666,
      0.6804011024198927,
      0.8145570619742302,
      1.936735311648192,
      1.1130932987197653,
      0.9342879417003794,
      1.911164319450048,
      0.41389787599089783,
      0.6721597901284657,
      1.1463865719448532,
      0.8149003406808382,
      0.6660669173401134,
      0.6607983353266846,
      0.5663940934441754,
      1.4803637708106667,
      2.036822833543305,
      1.8427324188756355,
      0.8982789574050318,
      0.8154525980466408,
      0.8631629350355265,
      1.1067059925583222,
      0.4678031581178863,
      0.8746714862469199,
      0.8649445604756186,
      0.6441707043589646,
      2.428124667633675,
      0.6036084522868849,
      1.5725393963417342,
      0.5951662989723593
    ]
  },
  "convention_sensitivity": {
    "note": "eps_cr depends on the amplitude->Hamiltonian coefficient; the task specifies amplitude weights but not the width normalisation. Literal c=1 and overlap-calibrated c bracket the paper's 0.665.",
    "c_literal": 1.0,
    "c_overlap_calibrated": 0.20034017147788116
  },
  "fig14": {
    "eps": [
      0.2,
      0.28,
      0.36,
      0.44,
      0.52,
      0.6,
      0.68,
      0.76,
      0.84,
      0.92,
      1.0
    ],
    "chaos_frac": [
      0.5750868055555556,
      0.6171875,
      0.6805555555555556,
      0.7430555555555556,
      0.7543402777777778,
      0.7591145833333334,
      0.8081597222222222,
      0.8133680555555556,
      0.8498263888888888,
      0.8671875,
      0.8732638888888888
    ],
    "band_chaos_frac": [
      0.7948717948717948,
      0.8173076923076923,
      0.8653846153846154,
      0.9182692307692307,
      0.9294871794871795,
      0.9310897435897436,
      0.9647435897435898,
      0.9503205128205128,
      0.967948717948718,
      0.9727564102564102,
      0.9711538461538461
    ],
    "grid": [
      48,
      48
    ],
    "T_periods": 300
  }
}